{"cameraMode":{"drawMode":0,"name":"Shaded","section":"Shading Mode"},"sceneLighting":false,"audioPlay":false,"sceneViewState":{"showFog":true,"showMaterialUpdate":true,"showSkybox":true,"showFlares":true,"showImageEffects":true,"showParticleSystems":true},"in2DMode":false,"pivot":{"x":0.9499988555908203,"y":1.5220260620117188,"z":-18.400407791137697},"rotation":{"x":0.0009755752980709076,"y":0.9978935718536377,"z":0.015571236610412598,"w":-0.0629691481590271},"size":59.95631790161133,"orthographic":true}