{"cameraMode":{"drawMode":0,"name":"Shaded","section":"Shading Mode"},"sceneLighting":false,"audioPlay":false,"sceneViewState":{"showFog":true,"showMaterialUpdate":true,"showSkybox":true,"showFlares":true,"showImageEffects":true,"showParticleSystems":true},"in2DMode":false,"pivot":{"x":2.538187026977539,"y":8.125617027282715,"z":2.484375},"rotation":{"x":0.005777526181191206,"y":-0.9774729013442993,"z":-0.026985669508576394,"w":-0.20924918353557588},"size":51.90550231933594,"orthographic":true}