{"cameraMode":{"drawMode":0,"name":"Shaded","section":"Shading Mode"},"sceneLighting":false,"audioPlay":false,"sceneViewState":{"showFog":true,"showMaterialUpdate":true,"showSkybox":true,"showFlares":true,"showImageEffects":true,"showParticleSystems":true},"in2DMode":false,"pivot":{"x":143.53897094726563,"y":120.19161224365235,"z":360.34161376953127},"rotation":{"x":0.008255022577941418,"y":-0.9816161394119263,"z":0.18562747538089753,"w":0.04363653436303139},"size":33.840110778808597,"orthographic":true}