{"cameraMode":{"drawMode":0,"name":"Shaded","section":"Shading Mode"},"sceneLighting":false,"audioPlay":false,"sceneViewState":{"showFog":true,"showMaterialUpdate":true,"showSkybox":true,"showFlares":true,"showImageEffects":true,"showParticleSystems":true},"in2DMode":false,"pivot":{"x":-23.70701026916504,"y":40.124698638916019,"z":-113.60896301269531},"rotation":{"x":0.2251710444688797,"y":0.6663557291030884,"z":-0.22222885489463807,"w":0.6751906275749207},"size":26.49094009399414,"orthographic":true}