{"cameraMode":{"drawMode":0,"name":"Shaded","section":"Shading Mode"},"sceneLighting":false,"audioPlay":false,"sceneViewState":{"showFog":true,"showMaterialUpdate":true,"showSkybox":true,"showFlares":true,"showImageEffects":true,"showParticleSystems":true},"in2DMode":false,"pivot":{"x":98.15443420410156,"y":2.3088457584381105,"z":-4.928987503051758},"rotation":{"x":-0.27124136686325076,"y":0.7056513428688049,"z":-0.5572183728218079,"w":-0.34349969029426577},"size":57.34135437011719,"orthographic":true}