{"cameraMode":{"drawMode":0,"name":"Shaded","section":"Shading Mode"},"sceneLighting":true,"audioPlay":false,"sceneViewState":{"showFog":true,"showMaterialUpdate":true,"showSkybox":true,"showFlares":true,"showImageEffects":true,"showParticleSystems":true},"in2DMode":false,"pivot":{"x":626.46240234375,"y":297.83740234375,"z":456.0753173828125},"rotation":{"x":-0.09365567564964295,"y":-0.04686779901385307,"z":0.004414765164256096,"w":-0.9944911003112793},"size":1358.079345703125,"orthographic":false}