{"cameraMode":{"drawMode":0,"name":"Shaded","section":"Shading Mode"},"sceneLighting":false,"audioPlay":false,"sceneViewState":{"showFog":true,"showMaterialUpdate":true,"showSkybox":true,"showFlares":true,"showImageEffects":true,"showParticleSystems":true},"in2DMode":false,"pivot":{"x":0.05805206298828125,"y":4.6999993324279789,"z":2.4921417236328127},"rotation":{"x":0.07716026902198792,"y":0.8739203810691834,"z":-0.14767338335514069,"w":0.4566202163696289},"size":75.6147689819336,"orthographic":true}