{"cameraMode":{"drawMode":0,"name":"Shaded","section":"Shading Mode"},"sceneLighting":false,"audioPlay":false,"sceneViewState":{"showFog":true,"showMaterialUpdate":true,"showSkybox":true,"showFlares":true,"showImageEffects":true,"showParticleSystems":true},"in2DMode":false,"pivot":{"x":0.058053016662597659,"y":0.35415029525756838,"z":112.0},"rotation":{"x":-0.002896055579185486,"y":0.9961234927177429,"z":-0.080257847905159,"w":-0.035892874002456668},"size":22.863069534301759,"orthographic":true}