{"cameraMode":{"drawMode":0,"name":"Shaded","section":"Shading Mode"},"sceneLighting":false,"audioPlay":false,"sceneViewState":{"showFog":true,"showMaterialUpdate":true,"showSkybox":true,"showFlares":true,"showImageEffects":true,"showParticleSystems":true},"in2DMode":false,"pivot":{"x":143.53897094726563,"y":120.19161224365235,"z":360.34161376953127},"rotation":{"x":-0.2623189687728882,"y":0.5200697183609009,"z":-0.1717090606689453,"w":-0.7945013046264648},"size":87.72551727294922,"orthographic":true}