{"cameraMode":{"drawMode":0,"name":"Shaded","section":"Shading Mode"},"sceneLighting":false,"audioPlay":false,"sceneViewState":{"showFog":true,"showMaterialUpdate":true,"showSkybox":true,"showFlares":true,"showImageEffects":true,"showParticleSystems":true},"in2DMode":false,"pivot":{"x":464.8999938964844,"y":205.89999389648438,"z":-15.799999237060547},"rotation":{"x":0.23991034924983979,"y":0.1106892004609108,"z":-0.027547497302293779,"w":0.9640706181526184},"size":136.01829528808595,"orthographic":true}