{"cameraMode":{"drawMode":0,"name":"Shaded","section":"Shading Mode"},"sceneLighting":false,"audioPlay":false,"sceneViewState":{"showFog":true,"showMaterialUpdate":true,"showSkybox":true,"showFlares":true,"showImageEffects":true,"showParticleSystems":true},"in2DMode":false,"pivot":{"x":-7.036578178405762,"y":5.81311559677124,"z":5.914852142333984},"rotation":{"x":0.15424957871437074,"y":0.694386899471283,"z":-0.15629686415195466,"w":0.6852774620056152},"size":24.9013729095459,"orthographic":false}