{"cameraMode":{"drawMode":0,"name":"Shaded","section":"Shading Mode"},"sceneLighting":false,"audioPlay":false,"sceneViewState":{"showFog":true,"showMaterialUpdate":true,"showSkybox":true,"showFlares":true,"showImageEffects":true,"showParticleSystems":true},"in2DMode":false,"pivot":{"x":-5.622444152832031,"y":-0.9606170654296875,"z":-28.50111961364746},"rotation":{"x":-0.09779524803161621,"y":0.873917281627655,"z":-0.254111111164093,"w":-0.40265652537345889},"size":81.02671813964844,"orthographic":false}