{"cameraMode":{"drawMode":0,"name":"Shaded","section":"Shading Mode"},"sceneLighting":false,"audioPlay":false,"sceneViewState":{"showFog":true,"showMaterialUpdate":true,"showSkybox":true,"showFlares":true,"showImageEffects":true,"showParticleSystems":true},"in2DMode":false,"pivot":{"x":5.5241265296936039,"y":-0.592010498046875,"z":18.5235595703125},"rotation":{"x":0.10323072969913483,"y":-0.04027211666107178,"z":0.004183381330221891,"w":0.993833065032959},"size":99.02774810791016,"orthographic":true}