{"cameraMode":{"drawMode":0,"name":"Shaded","section":"Shading Mode"},"sceneLighting":false,"audioPlay":false,"sceneViewState":{"showFog":true,"showMaterialUpdate":true,"showSkybox":true,"showFlares":true,"showImageEffects":true,"showParticleSystems":true},"in2DMode":false,"pivot":{"x":3286.26123046875,"y":-4817.23388671875,"z":-757.3900146484375},"rotation":{"x":-0.051724255084991458,"y":0.7340196371078491,"z":-0.05626232549548149,"w":-0.6748144030570984},"size":30596.37109375,"orthographic":false}