{"cameraMode":{"drawMode":0,"name":"Shaded","section":"Shading Mode"},"sceneLighting":false,"audioPlay":false,"sceneViewState":{"showFog":true,"showMaterialUpdate":true,"showSkybox":true,"showFlares":true,"showImageEffects":true,"showParticleSystems":true},"in2DMode":false,"pivot":{"x":-767.5128784179688,"y":39.93609619140625,"z":-807.052978515625},"rotation":{"x":-0.05395486578345299,"y":-0.026365917176008226,"z":0.0014254327397793532,"w":-0.9981942176818848},"size":147.6374969482422,"orthographic":true}