{"cameraMode":{"drawMode":0,"name":"Shaded","section":"Shading Mode"},"sceneLighting":false,"audioPlay":false,"sceneViewState":{"showFog":true,"showMaterialUpdate":true,"showSkybox":true,"showFlares":true,"showImageEffects":true,"showParticleSystems":true},"in2DMode":false,"pivot":{"x":0.058053016662597659,"y":0.35415005683898928,"z":112.0},"rotation":{"x":-0.28139418363571169,"y":-0.5336487293243408,"z":0.19413331151008607,"w":-0.7735300064086914},"size":15.910371780395508,"orthographic":true}