{"cameraMode":{"drawMode":0,"name":"Shaded","section":"Shading Mode"},"sceneLighting":false,"audioPlay":false,"sceneViewState":{"showFog":true,"showMaterialUpdate":true,"showSkybox":true,"showFlares":true,"showImageEffects":true,"showParticleSystems":true},"in2DMode":false,"pivot":{"x":90.72442626953125,"y":3.696171760559082,"z":-1.6599998474121094},"rotation":{"x":-0.060169532895088199,"y":0.7358439564704895,"z":-0.06595540791749954,"w":-0.6712400913238525},"size":82.07157135009766,"orthographic":true}