{"cameraMode":{"drawMode":0,"name":"Shaded","section":"Shading Mode"},"sceneLighting":false,"audioPlay":false,"sceneViewState":{"showFog":true,"showMaterialUpdate":true,"showSkybox":true,"showFlares":true,"showImageEffects":true,"showParticleSystems":true},"in2DMode":false,"pivot":{"x":-11.09000015258789,"y":-8.353099822998047,"z":-9.610000610351563},"rotation":{"x":-0.002896055579185486,"y":0.9961234927177429,"z":-0.080257847905159,"w":-0.035892874002456668},"size":212.71583557128907,"orthographic":true}