{"cameraMode":{"drawMode":0,"name":"Shaded","section":"Shading Mode"},"sceneLighting":false,"audioPlay":false,"sceneViewState":{"showFog":true,"showMaterialUpdate":false,"showSkybox":true,"showFlares":true,"showImageEffects":true,"showParticleSystems":true},"in2DMode":false,"pivot":{"x":0.058053016662597659,"y":0.35415029525756838,"z":112.0},"rotation":{"x":-0.17408409714698792,"y":-0.5311208367347717,"z":0.11254372447729111,"w":-0.8215469717979431},"size":22.863069534301759,"orthographic":false}