{"cameraMode":{"drawMode":0,"name":"Shaded","section":"Shading Mode"},"sceneLighting":false,"audioPlay":false,"sceneViewState":{"showFog":true,"showMaterialUpdate":false,"showSkybox":true,"showFlares":true,"showImageEffects":true,"showParticleSystems":true},"in2DMode":false,"pivot":{"x":-7.036578178405762,"y":6.100000381469727,"z":5.914852142333984},"rotation":{"x":-0.12711547315120698,"y":-0.8630849719047546,"z":0.2686970829963684,"w":-0.4083230793476105},"size":20.070199966430665,"orthographic":false}