{"cameraMode":{"drawMode":0,"name":"Shaded","section":"Shading Mode"},"sceneLighting":false,"audioPlay":false,"sceneViewState":{"showFog":true,"showMaterialUpdate":false,"showSkybox":true,"showFlares":true,"showImageEffects":true,"showParticleSystems":true},"in2DMode":false,"pivot":{"x":0.05040919780731201,"y":2.912008762359619,"z":0.4074338674545288},"rotation":{"x":-0.12711547315120698,"y":-0.8630849719047546,"z":0.2686970829963684,"w":-0.4083230793476105},"size":7.936583042144775,"orthographic":false}